tag,T0_acc_P,T0_acc_Q,T1_p_bee,T2_bee,T2_crow,T2_bee_s,T2_crow_s,T2_degen,T2_nopunct,T2_cut,T3_bee,T3_crow,T3_bee_s,T3_crow_s,T3_degen,T3_nopunct,T3_cut
P_bare,1.0,0.0,1.0,0.068,0.028,0.062,0.028,0.0,0.301,0.0,0.0187,0.0027,0.0133,0.0013,0.0,0.219,0.003
P_reason,0.903,0.095,0.975,0.139,0.022,0.137,0.022,0.0,0.103,0.006,0.0287,0.012,0.0273,0.012,0.001,0.163,0.016
P_reasonwhole,0.588,0.42,0.175,0.434,0.315,0.424,0.315,0.0,0.026,0.001,0.064,0.1013,0.0573,0.1013,0.0,0.048,0.0
P_whole,0.593,0.413,0.227,0.5,0.295,0.488,0.293,0.0,0.009,0.0,0.062,0.0947,0.0513,0.094,0.0,0.057,0.0
Q_bare,0.01,0.99,0.998,0.051,0.011,0.047,0.011,0.0,0.264,0.0,0.0173,0.0027,0.0107,0.0027,0.0,0.217,0.007
Q_reason,0.0,1.0,0.163,0.083,0.033,0.08,0.033,0.0,0.05,0.0,0.0193,0.012,0.0167,0.0113,0.001,0.126,0.017
Q_reasonwhole,0.455,0.552,0.136,0.421,0.299,0.41,0.299,0.0,0.02,0.0,0.0687,0.09,0.0567,0.0893,0.001,0.057,0.001
Q_whole,0.438,0.562,0.187,0.498,0.299,0.482,0.298,0.0,0.007,0.0,0.0553,0.0987,0.044,0.0987,0.0,0.061,0.0
base,0.395,0.383,0.59,0.067,0.023,0.054,0.022,0.0,0.192,0.0,0.012,0.0073,0.0087,0.006,0.0,0.225,0.003
